{
 "what willis was talkin bout": {
  "owner": "Q",
  "total_wins": 6,
  "h2h_wins": [
   1,
   0,
   0,
   0,
   0,
   0,
   1,
   1,
   0,
   0,
   0,
   0,
   0
  ],
  "total_h2h_wins": 3,
  "total_points": 980.8,
  "weekly_points": [
   138.7,
   111.76,
   130.8,
   91.48,
   95.2,
   111.06,
   151.78,
   150.02,
   0,
   0,
   0,
   0,
   0
  ],
  "points_wins": [
   1,
   0,
   0,
   0,
   0,
   0,
   1,
   1,
   0,
   0,
   0,
   0,
   0
  ],
  "total_points_wins": 3,
  "ranks": [
   2,
   5,
   5,
   7,
   7,
   8,
   7,
   6,
   0,
   0,
   0,
   0,
   0
  ]
 },
 "Alvin and the Titmunks": {
  "owner": "Jeff",
  "total_wins": 9,
  "h2h_wins": [
   0,
   1,
   1,
   1,
   0,
   1,
   0,
   0,
   0,
   0,
   0,
   0,
   0
  ],
  "total_h2h_wins": 4,
  "total_points": 1000.3399999999999,
  "weekly_points": [
   134.42,
   133.02,
   140.96,
   138.68,
   99.62,
   145.6,
   100.98,
   107.06,
   0,
   0,
   0,
   0,
   0
  ],
  "points_wins": [
   1,
   1,
   1,
   1,
   0,
   1,
   0,
   0,
   0,
   0,
   0,
   0,
   0
  ],
  "total_points_wins": 5,
  "ranks": [
   5,
   3,
   3,
   1,
   3,
   1,
   3,
   4,
   0,
   0,
   0,
   0,
   0
  ]
 },
 "Eddie Miles": {
  "owner": "Dannye",
  "total_wins": 11,
  "h2h_wins": [
   0,
   1,
   1,
   1,
   1,
   1,
   1,
   1,
   0,
   0,
   0,
   0,
   0
  ],
  "total_h2h_wins": 7,
  "total_points": 1100.6200000000001,
  "weekly_points": [
   125.04,
   157.2,
   121.62,
   161.56,
   126.02,
   128.68,
   115.9,
   164.6,
   0,
   0,
   0,
   0,
   0
  ],
  "points_wins": [
   0,
   1,
   0,
   1,
   1,
   0,
   0,
   1,
   0,
   0,
   0,
   0,
   0
  ],
  "total_points_wins": 4,
  "ranks": [
   6,
   4,
   4,
   3,
   2,
   2,
   1,
   1,
   0,
   0,
   0,
   0,
   0
  ]
 },
 "CARDiacKids": {
  "owner": "Tilly",
  "total_wins": 10,
  "h2h_wins": [
   1,
   1,
   1,
   0,
   1,
   0,
   0,
   0,
   0,
   0,
   0,
   0,
   0
  ],
  "total_h2h_wins": 4,
  "total_points": 1095.44,
  "weekly_points": [
   129.22,
   153.62,
   137.76,
   114.72,
   139.32,
   126.1,
   132.16,
   162.54,
   0,
   0,
   0,
   0,
   0
  ],
  "points_wins": [
   1,
   1,
   1,
   0,
   1,
   0,
   1,
   1,
   0,
   0,
   0,
   0,
   0
  ],
  "total_points_wins": 6,
  "ranks": [
   3,
   2,
   1,
   2,
   1,
   3,
   2,
   2,
   0,
   0,
   0,
   0,
   0
  ]
 },
 "Swift loves Kelce": {
  "owner": "Bob",
  "total_wins": 8,
  "h2h_wins": [
   1,
   0,
   0,
   1,
   0,
   1,
   1,
   1,
   0,
   0,
   0,
   0,
   0
  ],
  "total_h2h_wins": 5,
  "total_points": 1017.3599999999999,
  "weekly_points": [
   119.04,
   98.3,
   122.02,
   137.72,
   124.88,
   158.42,
   133.66,
   123.32,
   0,
   0,
   0,
   0,
   0
  ],
  "points_wins": [
   0,
   0,
   0,
   1,
   0,
   1,
   1,
   0,
   0,
   0,
   0,
   0,
   0
  ],
  "total_points_wins": 3,
  "ranks": [
   4,
   6,
   7,
   6,
   6,
   6,
   5,
   5,
   0,
   0,
   0,
   0,
   0
  ]
 },
 "warrior blue wolf": {
  "owner": "Don & King",
  "total_wins": 4,
  "h2h_wins": [
   0,
   0,
   0,
   0,
   1,
   1,
   0,
   0,
   0,
   0,
   0,
   0,
   0
  ],
  "total_h2h_wins": 2,
  "total_points": 919.2800000000001,
  "weekly_points": [
   88.92,
   132.26,
   103.54,
   102.14,
   129.06,
   132.02,
   109.5,
   121.84,
   0,
   0,
   0,
   0,
   0
  ],
  "points_wins": [
   0,
   0,
   0,
   0,
   1,
   1,
   0,
   0,
   0,
   0,
   0,
   0,
   0
  ],
  "total_points_wins": 2,
  "ranks": [
   8,
   7,
   8,
   8,
   8,
   7,
   8,
   8,
   0,
   0,
   0,
   0,
   0
  ]
 },
 "Buffalo Billy": {
  "owner": "Will",
  "total_wins": 10,
  "h2h_wins": [
   1,
   1,
   0,
   0,
   0,
   0,
   1,
   1,
   0,
   0,
   0,
   0,
   0
  ],
  "total_h2h_wins": 4,
  "total_points": 1047.6399999999999,
  "weekly_points": [
   156.92,
   133.34,
   131.42,
   116.22,
   93.48,
   137.44,
   137.0,
   141.82,
   0,
   0,
   0,
   0,
   0
  ],
  "points_wins": [
   1,
   1,
   1,
   0,
   0,
   1,
   1,
   1,
   0,
   0,
   0,
   0,
   0
  ],
  "total_points_wins": 6,
  "ranks": [
   1,
   1,
   2,
   4,
   5,
   5,
   4,
   3,
   0,
   0,
   0,
   0,
   0
  ]
 },
 "The Denzel Washington Redskins": {
  "owner": "Lemar",
  "total_wins": 6,
  "h2h_wins": [
   0,
   0,
   1,
   1,
   1,
   0,
   0,
   0,
   0,
   0,
   0,
   0,
   0
  ],
  "total_h2h_wins": 3,
  "total_points": 952.18,
  "weekly_points": [
   111.32,
   100.78,
   133.42,
   143.46,
   149.74,
   115.14,
   85.78,
   112.54,
   0,
   0,
   0,
   0,
   0
  ],
  "points_wins": [
   0,
   0,
   1,
   1,
   1,
   0,
   0,
   0,
   0,
   0,
   0,
   0,
   0
  ],
  "total_points_wins": 3,
  "ranks": [
   7,
   8,
   6,
   5,
   4,
   4,
   6,
   7,
   0,
   0,
   0,
   0,
   0
  ]
 }
}