{
 "what willis was talkin bout": {
  "owner": "Q",
  "total_wins": 13,
  "h2h_wins": [
   0,
   1,
   1,
   1,
   1,
   1,
   1,
   1,
   1,
   0,
   0,
   0,
   0
  ],
  "total_h2h_wins": 8,
  "total_points": 1197.56,
  "weekly_points": [
   96.5,
   134.74,
   150.48,
   134.6,
   121.54,
   122.58,
   118.06,
   163.54,
   155.52,
   0,
   0,
   0,
   0
  ],
  "points_wins": [
   0,
   1,
   1,
   0,
   0,
   1,
   0,
   1,
   1,
   0,
   0,
   0,
   0
  ],
  "total_points_wins": 5,
  "ranks": [
   8,
   6,
   3,
   2,
   2,
   1,
   2,
   1,
   1,
   0,
   0,
   0,
   0
  ]
 },
 "Buffalo Billy": {
  "owner": "Will",
  "total_wins": 11,
  "h2h_wins": [
   1,
   1,
   1,
   0,
   0,
   0,
   1,
   0,
   0,
   0,
   0,
   0,
   0
  ],
  "total_h2h_wins": 4,
  "total_points": 1209.2599999999998,
  "weekly_points": [
   121.44,
   151.68,
   152.02,
   121.8,
   136.14,
   145.76,
   155.68,
   131.62,
   93.12,
   0,
   0,
   0,
   0
  ],
  "points_wins": [
   1,
   1,
   1,
   0,
   1,
   1,
   1,
   1,
   0,
   0,
   0,
   0,
   0
  ],
  "total_points_wins": 7,
  "ranks": [
   3,
   1,
   2,
   1,
   1,
   2,
   1,
   2,
   2,
   0,
   0,
   0,
   0
  ]
 },
 "Cowboys All The Way": {
  "owner": "Bob",
  "total_wins": 8,
  "h2h_wins": [
   1,
   0,
   0,
   1,
   1,
   0,
   1,
   0,
   0,
   0,
   0,
   0,
   0
  ],
  "total_h2h_wins": 4,
  "total_points": 1016.9000000000001,
  "weekly_points": [
   142.08,
   118.44,
   119.84,
   136.62,
   136.22,
   86.46,
   127.66,
   90.58,
   59.0,
   0,
   0,
   0,
   0
  ],
  "points_wins": [
   1,
   0,
   0,
   1,
   1,
   0,
   1,
   0,
   0,
   0,
   0,
   0,
   0
  ],
  "total_points_wins": 4,
  "ranks": [
   1,
   2,
   5,
   5,
   3,
   5,
   5,
   5,
   6,
   0,
   0,
   0,
   0
  ]
 },
 "warrior blue wolf": {
  "owner": "Don",
  "total_wins": 10,
  "h2h_wins": [
   0,
   1,
   1,
   0,
   0,
   1,
   1,
   0,
   1,
   0,
   0,
   0,
   0
  ],
  "total_h2h_wins": 5,
  "total_points": 1233.7,
  "weekly_points": [
   102.86,
   155.0,
   180.52,
   140.7,
   119.86,
   166.72,
   141.44,
   123.64,
   102.96,
   0,
   0,
   0,
   0
  ],
  "points_wins": [
   0,
   1,
   1,
   1,
   0,
   1,
   1,
   0,
   0,
   0,
   0,
   0,
   0
  ],
  "total_points_wins": 5,
  "ranks": [
   7,
   3,
   1,
   3,
   6,
   4,
   3,
   3,
   3,
   0,
   0,
   0,
   0
  ]
 },
 "CARDiacKids": {
  "owner": "Tilly",
  "total_wins": 8,
  "h2h_wins": [
   1,
   0,
   0,
   1,
   0,
   0,
   0,
   1,
   1,
   0,
   0,
   0,
   0
  ],
  "total_h2h_wins": 4,
  "total_points": 1125.3,
  "weekly_points": [
   134.92,
   118.78,
   91.96,
   192.7,
   116.4,
   95.68,
   105.18,
   137.72,
   131.96,
   0,
   0,
   0,
   0
  ],
  "points_wins": [
   1,
   0,
   0,
   1,
   0,
   0,
   0,
   1,
   1,
   0,
   0,
   0,
   0
  ],
  "total_points_wins": 4,
  "ranks": [
   2,
   4,
   7,
   4,
   7,
   7,
   7,
   7,
   5,
   0,
   0,
   0,
   0
  ]
 },
 "Eddie Miles": {
  "owner": "Dannye",
  "total_wins": 7,
  "h2h_wins": [
   0,
   1,
   1,
   0,
   1,
   0,
   0,
   1,
   0,
   0,
   0,
   0,
   0
  ],
  "total_h2h_wins": 4,
  "total_points": 1064.98,
  "weekly_points": [
   107.32,
   120.84,
   123.94,
   134.02,
   126.34,
   94.28,
   101.96,
   153.84,
   102.44,
   0,
   0,
   0,
   0
  ],
  "points_wins": [
   0,
   0,
   1,
   0,
   1,
   0,
   0,
   1,
   0,
   0,
   0,
   0,
   0
  ],
  "total_points_wins": 3,
  "ranks": [
   6,
   7,
   4,
   7,
   5,
   6,
   6,
   6,
   7,
   0,
   0,
   0,
   0
  ]
 },
 "The Denzel Washington Redskins": {
  "owner": "LeMar",
  "total_wins": 5,
  "h2h_wins": [
   1,
   0,
   0,
   0,
   0,
   1,
   0,
   1,
   1,
   0,
   0,
   0,
   0
  ],
  "total_h2h_wins": 4,
  "total_points": 1006.0,
  "weekly_points": [
   119.16,
   102.42,
   113.52,
   81.14,
   104.6,
   106.22,
   94.32,
   127.44,
   157.18,
   0,
   0,
   0,
   0
  ],
  "points_wins": [
   0,
   0,
   0,
   0,
   0,
   0,
   0,
   0,
   1,
   0,
   0,
   0,
   0
  ],
  "total_points_wins": 1,
  "ranks": [
   5,
   8,
   8,
   8,
   8,
   8,
   8,
   8,
   8,
   0,
   0,
   0,
   0
  ]
 },
 "Alvin and the Titmunks": {
  "owner": "Jeff",
  "total_wins": 10,
  "h2h_wins": [
   0,
   0,
   0,
   1,
   1,
   1,
   0,
   0,
   0,
   0,
   0,
   0,
   0
  ],
  "total_h2h_wins": 3,
  "total_points": 1147.16,
  "weekly_points": [
   120.04,
   121.6,
   109.14,
   140.4,
   129.28,
   147.6,
   132.98,
   120.36,
   125.76,
   0,
   0,
   0,
   0
  ],
  "points_wins": [
   1,
   1,
   0,
   1,
   1,
   1,
   1,
   0,
   1,
   0,
   0,
   0,
   0
  ],
  "total_points_wins": 7,
  "ranks": [
   4,
   5,
   6,
   6,
   4,
   3,
   4,
   4,
   4,
   0,
   0,
   0,
   0
  ]
 }
}