{
 "what willis was talkin bout": {
  "owner": "Q",
  "total_wins": 6,
  "h2h_wins": [
   0,
   1,
   1,
   1,
   1,
   0,
   0,
   0,
   0,
   0,
   0,
   0,
   0
  ],
  "total_h2h_wins": 4,
  "total_points": 637.86,
  "weekly_points": [
   96.5,
   134.74,
   150.48,
   134.6,
   121.54,
   0,
   0,
   0,
   0,
   0,
   0,
   0,
   0
  ],
  "points_wins": [
   0,
   1,
   1,
   0,
   0,
   0,
   0,
   0,
   0,
   0,
   0,
   0,
   0
  ],
  "total_points_wins": 2,
  "ranks": [
   8,
   6,
   3,
   2,
   2,
   0,
   0,
   0,
   0,
   0,
   0,
   0,
   0
  ]
 },
 "Buffalo Billy": {
  "owner": "Will",
  "total_wins": 7,
  "h2h_wins": [
   1,
   1,
   1,
   0,
   0,
   0,
   0,
   0,
   0,
   0,
   0,
   0,
   0
  ],
  "total_h2h_wins": 3,
  "total_points": 683.0799999999999,
  "weekly_points": [
   121.44,
   151.68,
   152.02,
   121.8,
   136.14,
   0,
   0,
   0,
   0,
   0,
   0,
   0,
   0
  ],
  "points_wins": [
   1,
   1,
   1,
   0,
   1,
   0,
   0,
   0,
   0,
   0,
   0,
   0,
   0
  ],
  "total_points_wins": 4,
  "ranks": [
   3,
   1,
   2,
   1,
   1,
   0,
   0,
   0,
   0,
   0,
   0,
   0,
   0
  ]
 },
 "Cowboys All The Way": {
  "owner": "Bob",
  "total_wins": 6,
  "h2h_wins": [
   1,
   0,
   0,
   1,
   1,
   0,
   0,
   0,
   0,
   0,
   0,
   0,
   0
  ],
  "total_h2h_wins": 3,
  "total_points": 653.2,
  "weekly_points": [
   142.08,
   118.44,
   119.84,
   136.62,
   136.22,
   0,
   0,
   0,
   0,
   0,
   0,
   0,
   0
  ],
  "points_wins": [
   1,
   0,
   0,
   1,
   1,
   0,
   0,
   0,
   0,
   0,
   0,
   0,
   0
  ],
  "total_points_wins": 3,
  "ranks": [
   1,
   2,
   5,
   5,
   3,
   0,
   0,
   0,
   0,
   0,
   0,
   0,
   0
  ]
 },
 "warrior blue wolf": {
  "owner": "Don",
  "total_wins": 5,
  "h2h_wins": [
   0,
   1,
   1,
   0,
   0,
   0,
   0,
   0,
   0,
   0,
   0,
   0,
   0
  ],
  "total_h2h_wins": 2,
  "total_points": 698.9399999999999,
  "weekly_points": [
   102.86,
   155.0,
   180.52,
   140.7,
   119.86,
   0,
   0,
   0,
   0,
   0,
   0,
   0,
   0
  ],
  "points_wins": [
   0,
   1,
   1,
   1,
   0,
   0,
   0,
   0,
   0,
   0,
   0,
   0,
   0
  ],
  "total_points_wins": 3,
  "ranks": [
   7,
   3,
   1,
   3,
   6,
   0,
   0,
   0,
   0,
   0,
   0,
   0,
   0
  ]
 },
 "CARDiacKids": {
  "owner": "Tilly",
  "total_wins": 4,
  "h2h_wins": [
   1,
   0,
   0,
   1,
   0,
   0,
   0,
   0,
   0,
   0,
   0,
   0,
   0
  ],
  "total_h2h_wins": 2,
  "total_points": 654.7599999999999,
  "weekly_points": [
   134.92,
   118.78,
   91.96,
   192.7,
   116.4,
   0,
   0,
   0,
   0,
   0,
   0,
   0,
   0
  ],
  "points_wins": [
   1,
   0,
   0,
   1,
   0,
   0,
   0,
   0,
   0,
   0,
   0,
   0,
   0
  ],
  "total_points_wins": 2,
  "ranks": [
   2,
   4,
   7,
   4,
   7,
   0,
   0,
   0,
   0,
   0,
   0,
   0,
   0
  ]
 },
 "Eddie Miles": {
  "owner": "Dannye",
  "total_wins": 5,
  "h2h_wins": [
   0,
   1,
   1,
   0,
   1,
   0,
   0,
   0,
   0,
   0,
   0,
   0,
   0
  ],
  "total_h2h_wins": 3,
  "total_points": 612.46,
  "weekly_points": [
   107.32,
   120.84,
   123.94,
   134.02,
   126.34,
   0,
   0,
   0,
   0,
   0,
   0,
   0,
   0
  ],
  "points_wins": [
   0,
   0,
   1,
   0,
   1,
   0,
   0,
   0,
   0,
   0,
   0,
   0,
   0
  ],
  "total_points_wins": 2,
  "ranks": [
   6,
   7,
   4,
   7,
   5,
   0,
   0,
   0,
   0,
   0,
   0,
   0,
   0
  ]
 },
 "The Denzel Washington Redskins": {
  "owner": "LeMar",
  "total_wins": 1,
  "h2h_wins": [
   1,
   0,
   0,
   0,
   0,
   0,
   0,
   0,
   0,
   0,
   0,
   0,
   0
  ],
  "total_h2h_wins": 1,
  "total_points": 520.8399999999999,
  "weekly_points": [
   119.16,
   102.42,
   113.52,
   81.14,
   104.6,
   0,
   0,
   0,
   0,
   0,
   0,
   0,
   0
  ],
  "points_wins": [
   0,
   0,
   0,
   0,
   0,
   0,
   0,
   0,
   0,
   0,
   0,
   0,
   0
  ],
  "total_points_wins": 0,
  "ranks": [
   5,
   8,
   8,
   8,
   8,
   0,
   0,
   0,
   0,
   0,
   0,
   0,
   0
  ]
 },
 "Alvin and the Titmunks": {
  "owner": "Jeff",
  "total_wins": 6,
  "h2h_wins": [
   0,
   0,
   0,
   1,
   1,
   0,
   0,
   0,
   0,
   0,
   0,
   0,
   0
  ],
  "total_h2h_wins": 2,
  "total_points": 620.4599999999999,
  "weekly_points": [
   120.04,
   121.6,
   109.14,
   140.4,
   129.28,
   0,
   0,
   0,
   0,
   0,
   0,
   0,
   0
  ],
  "points_wins": [
   1,
   1,
   0,
   1,
   1,
   0,
   0,
   0,
   0,
   0,
   0,
   0,
   0
  ],
  "total_points_wins": 4,
  "ranks": [
   4,
   5,
   6,
   6,
   4,
   0,
   0,
   0,
   0,
   0,
   0,
   0,
   0
  ]
 }
}